,,
,LISTADO UNICO DE CLIENTES,
,,
,No. Cliente,DENOMINACION DE NEGOCIO
,1,Moraima Guanabo
,2,Dainet Playa
,3,JKP Miramar
,4,JKP Domicilio
,5,JKP Pedregal 
,6,JKP Flores
,7,JKP 26
,8,
,9,Fresagro
,10,Casa Osniel Playa
,11,Taller Dionny
,12,Maximo Bar
,13,Gervy
,14,Misleni
,15,Server Atrevete
,16,Casa Negro 
,17,Laly Extensiones Salon
,18,Ernesto Mar Adentro Rest
,,Ernesto D'Abuela Rest
,19,Raspberry Pi Blomax
,20,Casa Adrian Gbcoa
,21,Adrian Taller
,22,Eclipse
,23,Martin Gusto Fabrica
,,Martin Casa
,24,Raspberry Pi Pedro San Miguel
,,Raspberry Pi Pedro Playa
,25, Ivan Casa
,26, Alexander Charcuteria
,27, Patricia Chivas
,28, JR Cafeteria/ JR Casa
,29,_Alexis_Playa
,30, Tienda Marisela
,31,Mirielli Charcuteria
,32,Taller Julio
,33, Panera Ale 23 y 20
,, Ale Panera PDV Casa
,34, Yosmel ClasicoBar
,35, Diana HomeDelliCerro
,36, Javier HomeDelliPlaya
,,Javier Home Delli Vedado
,37,_Rainier_Residencial
,38, AbellMadai Mariel
,39, Javier Fregadora Zapata y 4
,40,Ernesto casa Chivaz
,41, Sergio SangrilaBar
,, Sergio casaPlaya
,42, Adnan Esponjas
,43,_Esteban_Bahia
,44, Yoandry DluceSalon
,45, Erick Fondo Cultural
,46, Yojan ArcaBar 
,47, Fornaris Casa
,48, Rodolfo RoRoMa Salon
,49, Alain SensacionesRest
,, Alain WoowRest
,50, Fernando Petra Heladeria
,51,Milian Joyeria
,52, Victor CasaMiaRest
,, Victor casaMia CE
,, Victor ArrecifeRestPlaya
,,
,53, Lazaro Stgo de las Vegas
,54, Pancho Casa Playa
,55, Imilsys San Miguel
,56,Darlen Casa
,57,_Cafe_Song_44
,58, Mijail Casa
,59,_Guines
,60, Mari Casino Deportivo
,61,Yasmany Pizzeria Punta Brava
,, Yasmany JamonesFabrica
,62, Mercatoria PanaderiaLarosa
,, Mercatoria AlmacenPrimelle
,, Mercatoria Oficina
,, Mercatoria AlmacenLuyano
,, Mercatoria Aldo Casa
,63, Modesto Guanabo
,64, Julio Autopista
,65, Henry Helados CID
,66, Nelson Barrio Obrero
,67, Arlenis Dulceria
,68, Enrique Casa
,69, Daniel Prodanco
,, Daniel casaProdanco
,70, Pepin Dona Almira
,71,_dPrimera
,72, Eddy Almacen Cotorro
,,Eddy Casa
,73,Bar La Boca del Lobo
,74, Pepito CafeVintage
,,_Pepito_cafeTrinidad
,75, Karla SuperBurger
,76, Marko Palachinka
,77, PepeLopez casaPlaya
,,_PepeLopez_casaTrinidad
,,_PepeLopez_casaMama
,78, Maykel casaVedado
,, Maykel pazilloBar
,, Maykel Rei Sushi
,79, Jaime El cubano
,80, Rey Antojos
,81,Pedro - Casa Dolores
,82, Damian dulceriasGustas
,83, Andres cafeAngel
,84, JorgeLM Casa
,85, Frank Impresiones
,86, Raydel Heladeria
,87, Ernesto Vinil Arte
,88, Lorenzo Pacha
,89, Suar Playa
,90, Jacinto Casa
,91, Ramon Cafeteria
,92, Vicente casaPlaya
,93, Erich EnigmaRest
,94, Guillermo Doro Rest
,95, Manolo casaGuinera
,96, Rene Taxi
,97, Urbano Casa
,98, Alejandro Luchador Rest
,99, Damaris casaLisa
,100, Jorge Cartronic Taller
,101, Fernando Padre Heladeria
,102, Olga Casa Guiteras
,103, Juan Casa Bahia
,104, Formel VanVan casaPlaya
,105, Jorge AntojitoRest
,, Jorge Antojitos Casa
,106, MariaElena casaGuanabacoa
,107, Rusa Dilly Rest
,108, Rolando casaParraga
,109,Raspberry Pi Anabel
,110, Miguelina casaDolores
,111, Pupi Panera
,112, Pire Almacen Marianao
,, Pire casaTarara
,, Pire JaliscoPark
,,Pire Almacen
,,
,,
,,
,,
,,
,113, Yailin casaKholy
,114, Chiky Mambo
,,Chiky Habana Vieja
,115, Yuri Salon
,116,Yoleidy casaSantoSuarez
,117, FernandoESP casaPlaya
,118, Marta Rest Sanantonio
,119, Alejandro Casa Playa
,120, Tilin Boyeros
,121, Daniel Bar Adentro
,, Daniel Almacen
,, Daniel Kiosko Camilo
,122, Adrian Restaurante Pecado
,123,David Almacen Lombillo
,,David almacen Vantroit
,124, Jorge Casa Bauta
,125, Edgar Cafeteria Marianano
,126, Miguel Casa Renta
,127, Leydi FederalFregadora
,128, Mohamed barAdonke
,,Mohamed almacen
,129, Pedro tiendaComercial
,, Pedro Almacen
,,Orlando tienda 23 y J
,130, Erlinda CucannaRest
,, Erlinda Don JulioRest
,131, loyda Casa Playa
,132, Ramon RamonesRest
,133, Enrique 89milesCE
,134, Osmani FindesigloBar
,135, Yitzhak Restaurante DPrado
,136, Andy casaLospalos
,137, Barbara AlmacenLisa
,, Barbara casaLisa
,138, JorgeJr Casa
,139, Maykel Centro Vasco
,140, Residencia Kuwait
,141, Michael agenciaApp
,142, VictorF casaPlaya
,143,JKP Almacen La Lisa
,144,Damian Donde Dorian
,145,Establo
,146,Sunamy MPM Producciones Granado Torres
,147,Yumay Tienda Religiosa
,148,Tatiana Timon & Pumba
,149,Joel Casa Luyano
,150, IsisFlores
,151,Victor F. Casa Playa
,152,Indira MPM Arte Glacial
,153,Yaima Salon Guanabo
,154,Marlen Casa Guanabo
,155,Alejandro Casa Luyano
,156,Maite Pizzeria Guanabacoa
,157,Color Café
,158,Yamile Casa renta
,159,Don Burgues Restaurante
,160,Elsys casa
,161,Lisa GAIA Restaurante
,162,Jorge Casa Nuevo Vedado
,163,Luis de Armas Casa renta
,164,Pedro Tarara Casa No. 
,,Pedro Tarara Casa No. 
,,Pedro Tarara Casa No. 
,165,Pedro Entabla2 Restaurante
,166,Roman casa Marianao
,167,Iris Casa
,168,Especial restaurante
,169,Solmar Pire
,170,Anet Pizzería
,171,Leslie Café FM
,172,Pedro Garaje 44
,173,Ana casa Capri
,174,Yadira Salón
,175,Sarahi Casa Lisa
,176,Ruben Casa Renta Vedado
,177,Belquis Vitrola Restaurante
,178,Pepe Tablazo Restaurante
,179,Alfonso Casa Arroyo
,180,Ibanio Xtasi Heladeria
,181,Lorenzo Zamora La Paila Restaurant
,182,Eduardo Autopista
,183,Susana Linia y 8
,184,Rolando Vista Alegre Restaurante
,185,Ana Almacen
,186,José O Tenedor
,187,Fidel Casa Santa Maria
,188,David Charcuteria
,189,Alain Casa Perla
,190,Eugenio Parranda
,191,Carlos Kiosko Vedado
,192,Akale Smit
,193,Leo Tienda El Modelo
,194,Restaurante La aurora 
,195,Luis Ernesto Casa Playa
,196,El Repollo SURL
,197,Y&R Habana SRL
,,Pampillo casa Infanta
,198,Arjan
,199,Doña Mari
,200,Guillermo Casa Vedado
,201,Amelia Salon Victoria
,202,Yunior Kiosko
,203,Buenabentura Restaurante
,204,Clarita Casa Guanabacoa
,205,Alejandro Kiosko Cerro
,206,Yordanis casa
,207,Marcos tienda
,208,José Toditico
,209,Ariadna Restaurante
,210,Ada Plan H
,211,Purri Moon Bar
,212,José el Candil
,213,Amelia casa Kholy
,,Amelia Heladeria
,,Amelia estudio photografico
,214,Miguel Mango Bar
,215,Omar punto mercado
,216,Marlen casa Kholy
,217,Carlos mercado puente 100
,,
,218,Gladys casa
,219,Jamones El Pantano
,220,Luis Akargo casa
,,Luis almacen
,221,Reinier cafeteria
,222,Erick Casa
,223,Victor Musa restaurante
,224,Elizabeth Casa
,225,Orlando Mercado Monaco
,,Mercado Mas con menos
,226,Yai mercado
,227,Alejandro luchador
,228,Julio Chuchas Restaurante
,229,Harold casa Buena Vista
,230,Liliana Casa Marianao
,231,Norberto Haburguesera San Rafael
,232,Teresa Casa
,233,Leandro casa
,234,Kiki casa
,235,Ceci casa
,236,Tienda Infanta
,237,Restaurante Guangzhou 
,238,Arianne Casa
,239,ReYs Autopartes
,,Richard casa
,240,Yeni casa Altahabana
,241,Luis Xalxa
,242,Marcos FV Casa
,243,Jaime Chino casa
,244,Carlos dulceria
,245,Francesco Almacen
,246,Manuel Casa
,247,Carlos dulceria Alta Habana
,248,Emerio Almacen HM
,,Emerio Almacen Regla
,249,Oscar Los vidales Mercado
,,Oscarlos vidales almacen
,250,Ksita Verde
,251,Leopoldo Casa
,252,Liecher Almacen
,253,MPM Bleco SRL
,254,Paty Salon infantil
,255,Yahilyn café infinito
,256,Empresa de la Pesca
,257,Felo Mercado
,258,Angel Granja Wajay No.1
,,Angel Granja Wajay No.2
,259,Dayrin Santiago  de las Vegas
,260,Ingrid Andrea Café
,261,Doris tienda Reina
,262,Jalil Batule
,263,Yuri Panpana
,264,Damian Casa Malecon
,265,Javier Dofleini casa Embil
,266,Alex taller
,267,Yunior mercado HV
,268,Angel charcuteria
,269,Ramiro Pinguinito
,270,Minimarket 41
,271,Bandec oficina Central
,272,Gretel Maba Lido
,273,Carlos Bodegon Grupo CC
,274,Ernesto Bodegon
,275,Javier Casa Cerro
,276,Marki Dibermex
,277,Sandy Haycafe
,278,Polo TencentMercado
,279,Escobar Mercado Gallegos
,280,Alexis Plaza Habana
,,Alexis Tienda Linea y 12
,281,Mayumi Santiago
,282,Osmany Restaurante HV
,283,Reinier cafeteria
,284,Reinaldo Casa Jovellar
,285,Tiene que caraballo darme el nombre
,286,Carly Los Atrevidos Restaurante
,287,Yai Alawao Chivas 
,,Alawao shop
,288,Osmany Casa Vitrales
,289,Abel mercado
,290,Amanda Casa
,291,Daylenis Finca
,292,Roberto mercado Samaria
,293,Aylema casa
,294,Abdo Ascafe
,295,Jorge taller
,,Jorge Kiosko
,296,Alois Almacen
,297,Almacen wajay o ICA
,298,Jorge El cartel
,299,Raúl Casa
,300,Alejandro casa Fontanar
,301,Carlos Almacen Grupo CC
,302,Daniel charcuteria
,303,Rene Almacen Marianao
,304,Niring empresa
,305,Carmen Luna de Oro
,306,Roger Dulce Vida
,,Roger Mercado Chocoved
,307,Pacheco casa Cotorro
,308,Felix Almacen
,,Felix Peaky pan espadero
,,Felix Peaky pan pescado
,,Felix Peaky pan cancha
,,Felix Peaky pan Victoria
,309,Michel casa Ayuntamiento
,310,Big family el portal
,,Big family la tremendona
,,Big family la chiqui
,311,Michel casa Cotorro
,312,Elizabeth Down Town
,313,Edy almacen Tulipan
,314,Rafael San Ignacio
,,Rafael Tienda Linia
,,Rafael Fragadora
,315,Arlenis Sierra casa Casino
,316,
,,
,317,Imilsi 8 Vias
,318,
,319,Osniel Mercado Jhonie
,,Osniel Café Cortina
,320,Osvel Pan Barca
,321,Sergio Ocheidi Las Flores
,322,
,323,Rayco La Española
,324,Taymi La Tentación
,,Tomas Los quemados
,325,Reinier Calle Blanco
,326,
,327,Darien Calvario
,328,
,329,Alexander Kedetalle
,330,Ketlyn Mercado Mas que pan
,331,
,332,
,333,
,334,
,335,
,336,
,337,
,338,
,339,
,340,
,341,
,342,
,343,
,344,
,345,
,346,
,347,
,348,
,349,
,350,
,351,
,352,
,353,
,354,
,355,
,356,
,357,
,358,
,359,
,360,
,361,
,362,
,363,
,364,
,365,
,366,
,367,
,368,
,369,
,370,
,371,
,372,
,373,
,374,
,375,
,376,
,377,
,378,
,379,
,380,
,381,
,382,
,383,
,384,
,385,
,386,
,387,
,388,
,389,
,390,
,391,
,392,
,393,
,394,
,395,
,396,
,397,
,398,
,399,Raul Almacen la Guayaba
,400,Rene El patio
,401,Rigolando Casa Cotorro
,402,Janet Pizzeria
,403,Jennifer Mercado
,404,Elizabeth Restaurante LocosxCuba
,405,Orelvis Kilometro Zero
,,Finca La Claudia
,406,Marcos Casa
,407,Ferre casa Santo Suarez
,408,Alexis Wajay Oficinas
,409,Hany casa
,410,Yairis casa
,411,Alexander Almacen Arroyo Hoster
,,Adriana casa hoster
,412,Igor Casa Vedado
,413,Reinier Cafeteria Miramar
,414,Beatriz casa vedado
,415,Yelier Burguer Max
,416,Joan Almacen Infanta
,417,Pepe Restaurante Fuego Lento
,418,Maciel Cho Aeropuerto
,419,Yuslaimi casa Sierra
,420,Alexis Pabexpo almacen
,421,Gabriel Milan Café
,422,Magela casa vedado
,423,Carlos Chocolatera
,424,Gelato
,,Rafael casa Gelato
,425,Fleites mercado 23 y J
,,Hector Fleites Almacen San Miguel
,426,Lorenzo café Laurent
,427,Magdiel mercado infanta
,,Magdiel Alm Berroa
,428,Cimus SRL
,429,Raul Casa Vedado
,,Raul playa calle 17
,430,Ruben Atelier Vedado
,431,Yassert Premyer Salon
,432,Yasaki Cafeteria Terminal
,433,Lisette almacen Tallapiedra
,434,Orlando casa vedado
,435,Yaneisi casa renta vedado
,436,Eko Imagen 
,,Eko Peque yamilka Tienda
,437,Alejandro Casa Mia
,438,Raul Almacen Mulgoba
,439,Alain Restaurante Huron Azul
,440,Pavel Pizzeria El Italiano
,441,Maylin La Madrina
,442,Marilu Tienda Religiosa
,443,Arturo casa Playa
,444,Ernesto Fragadora Automax
,445,Francis Cafeteria AchePaTi
,446,Kevin electro moto
,447,Lazaro Moya Casa Guanabacoa
,448,Medardo almacen Palatino
,449,Yuya Mercado Alarmar
,450,Rocharas Casa
,451,Alexis Lateral Acosta
,,Alexis casa Miramar
,452,Dayami casa playa
,453,Yoel Taller
,454,Yoandry Restaurante Candela
,455,Marcos cobey
,456,Dialys casa Centro Habana
,457,Pipitas tienda
,458,Patricia Parque Lenin
,459,Abreu Restaurante Playa
,460,Jorge Samuel Correas y Retenes
,461,Juan mercado 112 y 47
,462,Selma casa
,,Selma levitando restaurante
,463,Andy Fregadora villanueva
,464,Andy carpinteria
,465,Misael Casa Guanabo
,466,Jorge Cristal Restaurante
,467,Rolando Celebren mercado
,468,Esteban Atocha
,469,Luis Blomax
,470,Geydi Local Cerro
,471,Osniel Casa Chivaz
,472,Rafael casa Lisa
,473,Saily casa marianao
,474,Jose casa Casino